[
    {
        "temp_status": "B",
        "date": "2024-11-04 23:36:00.375258"
    },
    {
        "temp_status": "A",
        "date": "2024-11-04 23:35:50.373320"
    },
    {
        "temp_status": "C",
        "date": "2024-11-04 23:35:30.369227"
    },
    {
        "temp_status": "B",
        "date": "2024-11-04 23:35:20.366583"
    },
    {
        "temp_status": "A",
        "date": "2024-11-04 23:35:10.364375"
    },
    {
        "temp_status": "C",
        "date": "2024-11-04 23:34:50.362283"
    },
    {
        "temp_status": "B",
        "date": "2024-11-04 23:34:40.360522"
    },
    {
        "temp_status": "A",
        "date": "2024-11-04 23:34:30.358633"
    },
    {
        "temp_status": "C",
        "date": "2024-11-04 23:34:10.356321"
    },
    {
        "temp_status": "B",
        "date": "2024-11-04 23:34:00.354344"
    },
    {
        "temp_status": "A",
        "date": "2024-11-04 23:33:50.352389"
    },
    {
        "temp_status": "C",
        "date": "2024-11-04 23:33:30.350089"
    },
    {
        "temp_status": "B",
        "date": "2024-11-04 23:33:20.347826"
    },
    {
        "temp_status": "A",
        "date": "2024-11-04 23:33:10.345485"
    },
    {
        "temp_status": "C",
        "date": "2024-11-04 23:32:50.342615"
    },
    {
        "temp_status": "B",
        "date": "2024-11-04 23:32:40.340848"
    },
    {
        "temp_status": "A",
        "date": "2024-11-04 23:32:30.339444"
    },
    {
        "temp_status": "C",
        "date": "2024-11-04 23:32:10.335955"
    },
    {
        "temp_status": "B",
        "date": "2024-11-04 23:32:00.334103"
    },
    {
        "temp_status": "A",
        "date": "2024-11-04 23:31:50.332556"
    },
    {
        "temp_status": "C",
        "date": "2024-11-04 23:31:30.330945"
    },
    {
        "temp_status": "B",
        "date": "2024-11-04 23:31:20.329303"
    },
    {
        "temp_status": "A",
        "date": "2024-11-04 23:31:10.327824"
    },
    {
        "temp_status": "C",
        "date": "2024-11-04 23:30:50.326459"
    },
    {
        "temp_status": "B",
        "date": "2024-11-04 23:30:40.323491"
    },
    {
        "temp_status": "A",
        "date": "2024-11-04 23:30:30.319392"
    },
    {
        "temp_status": "C",
        "date": "2024-11-04 23:30:10.315960"
    },
    {
        "temp_status": "B",
        "date": "2024-11-04 23:30:00.314287"
    },
    {
        "temp_status": "A",
        "date": "2024-11-04 23:29:50.310113"
    },
    {
        "temp_status": "C",
        "date": "2024-11-04 23:29:30.307958"
    },
    {
        "temp_status": "B",
        "date": "2024-11-04 23:29:20.303867"
    },
    {
        "temp_status": "A",
        "date": "2024-11-04 23:29:10.300517"
    },
    {
        "temp_status": "C",
        "date": "2024-11-04 23:28:50.296380"
    },
    {
        "temp_status": "B",
        "date": "2024-11-04 23:28:40.295022"
    },
    {
        "temp_status": "A",
        "date": "2024-11-04 23:28:30.293131"
    },
    {
        "temp_status": "C",
        "date": "2024-11-04 23:28:10.289849"
    },
    {
        "temp_status": "B",
        "date": "2024-11-04 23:28:00.287970"
    },
    {
        "temp_status": "A",
        "date": "2024-11-04 23:27:50.284644"
    },
    {
        "temp_status": "C",
        "date": "2024-11-04 23:27:30.280763"
    },
    {
        "temp_status": "B",
        "date": "2024-11-04 23:27:20.278647"
    },
    {
        "temp_status": "A",
        "date": "2024-11-04 23:27:10.275813"
    },
    {
        "temp_status": "C",
        "date": "2024-11-04 23:26:50.271000"
    },
    {
        "temp_status": "B",
        "date": "2024-11-04 23:26:40.268331"
    },
    {
        "temp_status": "A",
        "date": "2024-11-04 23:26:30.266102"
    },
    {
        "temp_status": "C",
        "date": "2024-11-04 23:26:10.262215"
    },
    {
        "temp_status": "B",
        "date": "2024-11-04 23:26:00.259916"
    },
    {
        "temp_status": "A",
        "date": "2024-11-04 23:25:50.254815"
    },
    {
        "temp_status": "C",
        "date": "2024-11-04 23:25:30.251063"
    },
    {
        "temp_status": "B",
        "date": "2024-11-04 23:25:20.248050"
    },
    {
        "temp_status": "A",
        "date": "2024-11-04 23:25:10.246454"
    },
    {
        "temp_status": "C",
        "date": "2024-11-04 23:24:50.244431"
    },
    {
        "temp_status": "B",
        "date": "2024-11-04 23:24:40.242261"
    },
    {
        "temp_status": "A",
        "date": "2024-11-04 23:24:30.240545"
    },
    {
        "temp_status": "C",
        "date": "2024-11-04 23:24:10.237518"
    },
    {
        "temp_status": "B",
        "date": "2024-11-04 23:24:00.235484"
    },
    {
        "temp_status": "A",
        "date": "2024-11-04 23:23:50.233600"
    },
    {
        "temp_status": "C",
        "date": "2024-11-04 23:23:30.231954"
    },
    {
        "temp_status": "B",
        "date": "2024-11-04 23:23:20.228146"
    },
    {
        "temp_status": "A",
        "date": "2024-11-04 23:23:10.225062"
    },
    {
        "temp_status": "C",
        "date": "2024-11-04 23:22:50.219920"
    },
    {
        "temp_status": "B",
        "date": "2024-11-04 23:22:40.218169"
    },
    {
        "temp_status": "A",
        "date": "2024-11-04 23:22:30.216822"
    },
    {
        "temp_status": "C",
        "date": "2024-11-04 23:22:10.215260"
    },
    {
        "temp_status": "B",
        "date": "2024-11-04 23:22:00.214214"
    },
    {
        "temp_status": "A",
        "date": "2024-11-04 23:21:50.212448"
    },
    {
        "temp_status": "C",
        "date": "2024-11-04 23:21:30.211155"
    },
    {
        "temp_status": "B",
        "date": "2024-11-04 23:21:20.210038"
    },
    {
        "temp_status": "A",
        "date": "2024-11-04 23:21:10.209067"
    },
    {
        "temp_status": "C",
        "date": "2024-11-04 23:20:50.207429"
    },
    {
        "temp_status": "B",
        "date": "2024-11-04 23:20:40.205555"
    },
    {
        "temp_status": "A",
        "date": "2024-11-04 23:20:30.204014"
    },
    {
        "temp_status": "C",
        "date": "2024-11-04 23:20:10.200691"
    },
    {
        "temp_status": "B",
        "date": "2024-11-04 23:20:00.199172"
    },
    {
        "temp_status": "A",
        "date": "2024-11-04 23:19:50.197650"
    },
    {
        "temp_status": "C",
        "date": "2024-11-04 23:19:30.196518"
    },
    {
        "temp_status": "B",
        "date": "2024-11-04 23:19:20.195915"
    },
    {
        "temp_status": "A",
        "date": "2024-11-04 23:19:10.192695"
    },
    {
        "temp_status": "C",
        "date": "2024-11-04 23:18:50.191352"
    },
    {
        "temp_status": "B",
        "date": "2024-11-04 23:18:40.190231"
    },
    {
        "temp_status": "A",
        "date": "2024-11-04 23:18:30.189297"
    },
    {
        "temp_status": "C",
        "date": "2024-11-04 23:18:10.187876"
    },
    {
        "temp_status": "B",
        "date": "2024-11-04 23:18:00.186193"
    },
    {
        "temp_status": "A",
        "date": "2024-11-04 23:17:50.185199"
    },
    {
        "temp_status": "C",
        "date": "2024-11-04 23:17:30.182998"
    },
    {
        "temp_status": "B",
        "date": "2024-11-04 23:17:20.182337"
    },
    {
        "temp_status": "A",
        "date": "2024-11-04 23:17:10.179505"
    },
    {
        "temp_status": "C",
        "date": "2024-11-04 23:16:50.177792"
    },
    {
        "temp_status": "B",
        "date": "2024-11-04 23:16:40.176635"
    },
    {
        "temp_status": "A",
        "date": "2024-11-04 23:16:30.175619"
    },
    {
        "temp_status": "C",
        "date": "2024-11-04 23:16:10.174283"
    },
    {
        "temp_status": "B",
        "date": "2024-11-04 23:16:00.173280"
    },
    {
        "temp_status": "A",
        "date": "2024-11-04 23:15:50.172207"
    },
    {
        "temp_status": "C",
        "date": "2024-11-04 23:14:46.062694"
    },
    {
        "temp_status": "B",
        "date": "2024-11-04 23:14:36.058869"
    },
    {
        "temp_status": "A",
        "date": "2024-11-04 23:14:26.056564"
    },
    {
        "temp_status": "C",
        "date": "2024-11-04 23:14:06.054443"
    },
    {
        "temp_status": "B",
        "date": "2024-11-04 23:13:56.052440"
    },
    {
        "temp_status": "A",
        "date": "2024-11-04 23:13:46.050480"
    },
    {
        "temp_status": "C",
        "date": "2024-11-04 23:13:26.047240"
    },
    {
        "temp_status": "B",
        "date": "2024-11-04 23:13:16.046333"
    },
    {
        "temp_status": "A",
        "date": "2024-11-04 23:13:06.044959"
    },
    {
        "temp_status": "A",
        "date": "2024-11-04 23:12:54.549313"
    }
]